﻿<?xml version="1.0" encoding="utf-8"?>
<abapGit version="v1.0.0" serializer="LCL_OBJECT_SUSH" serializer_version="v1.0.0">
 <asx:abap xmlns:asx="http://www.sap.com/abapxml" version="1.0">
  <asx:values>
   <HEAD>
    <NAME>04E59E1F222B95BF38A08DDB6EAC71</NAME>
    <TYPE>HT</TYPE>
    <DISPLAY_NAME>R3TR IWSV ZATS_SB_AROY_TRAVEL_V2             0001</DISPLAY_NAME>
    <DEVCLASS>ZATS_RAP_ABAP</DEVCLASS>
    <ABAP_LANGUAGE_VERSION>5</ABAP_LANGUAGE_VERSION>
   </HEAD>
   <USOBX>
    <USOBX>
     <NAME>04E59E1F222B95BF38A08DDB6EAC71</NAME>
     <TYPE>HT</TYPE>
     <OBJECT>S_SERVICE</OBJECT>
     <OKFLAG>X</OKFLAG>
    </USOBX>
   </USOBX>
   <USOBX_EXT>
    <item>
     <OBJECT>S_SERVICE</OBJECT>
     <TTEXT>Check at Start of External Services</TTEXT>
     <OCLSS>AAAB</OCLSS>
     <OKFLAG>X</OKFLAG>
     <DEVCLASS>S_PROFGEN</DEVCLASS>
     <PS_POSID>BC-SEC-AUT-PFC</PS_POSID>
     <CI_TEXT>Check</CI_TEXT>
     <CH_TEXT>Check</CH_TEXT>
     <PR_TEXT>No</PR_TEXT>
     <EXCEP>3</EXCEP>
     <EXCEP_TX>Okay</EXCEP_TX>
     <EXCEP_ICON>@08@</EXCEP_ICON>
    </item>
   </USOBX_EXT>
  </asx:values>
 </asx:abap>
</abapGit>
