﻿<?xml version="1.0" encoding="utf-8"?>
<abapGit version="v1.0.0" serializer="LCL_OBJECT_CLAS" serializer_version="v1.0.0">
 <asx:abap xmlns:asx="http://www.sap.com/abapxml" version="1.0">
  <asx:values>
   <VSEOCLASS>
    <CLSNAME>ZATS_SCM_AROY_ACCOUNTING_READ</CLSNAME>
    <LANGU>E</LANGU>
    <DESCRIPT>Consumption model for client proxy - generated</DESCRIPT>
    <STATE>1</STATE>
    <CLSCCINCL>X</CLSCCINCL>
    <FIXPT>X</FIXPT>
    <UNICODE>X</UNICODE>
   </VSEOCLASS>
   <DESCRIPTIONS>
    <SEOCOMPOTX>
     <CLSNAME>ZATS_SCM_AROY_ACCOUNTING_READ</CLSNAME>
     <CMPNAME>DEF_A_OPERATIONAL_ACCTG_DOC__2</CMPNAME>
     <LANGU>E</LANGU>
     <DESCRIPT>Define A_OperationalAcctgDocItemCubeType</DESCRIPT>
    </SEOCOMPOTX>
    <SEOCOMPOTX>
     <CLSNAME>ZATS_SCM_AROY_ACCOUNTING_READ</CLSNAME>
     <CMPNAME>GCS_ENTITY_SET</CMPNAME>
     <LANGU>E</LANGU>
     <DESCRIPT>Internal Names of the entity sets</DESCRIPT>
    </SEOCOMPOTX>
    <SEOCOMPOTX>
     <CLSNAME>ZATS_SCM_AROY_ACCOUNTING_READ</CLSNAME>
     <CMPNAME>GCS_ENTITY_TYPE</CMPNAME>
     <LANGU>E</LANGU>
     <DESCRIPT>Internal names for entity types</DESCRIPT>
    </SEOCOMPOTX>
    <SEOCOMPOTX>
     <CLSNAME>ZATS_SCM_AROY_ACCOUNTING_READ</CLSNAME>
     <CMPNAME>MO_MODEL</CMPNAME>
     <LANGU>E</LANGU>
     <DESCRIPT>Model</DESCRIPT>
    </SEOCOMPOTX>
    <SEOCOMPOTX>
     <CLSNAME>ZATS_SCM_AROY_ACCOUNTING_READ</CLSNAME>
     <CMPNAME>TYS_A_OPERATIONAL_ACCTG_DOC__2</CMPNAME>
     <LANGU>E</LANGU>
     <DESCRIPT>A_OperationalAcctgDocItemCubeType</DESCRIPT>
    </SEOCOMPOTX>
    <SEOCOMPOTX>
     <CLSNAME>ZATS_SCM_AROY_ACCOUNTING_READ</CLSNAME>
     <CMPNAME>TYT_A_OPERATIONAL_ACCTG_DOC__2</CMPNAME>
     <LANGU>E</LANGU>
     <DESCRIPT>List of A_OperationalAcctgDocItemCubeType</DESCRIPT>
    </SEOCOMPOTX>
   </DESCRIPTIONS>
   <DESCRIPTIONS_SUB>
    <SEOSUBCOTX>
     <CMPNAME>DEF_A_OPERATIONAL_ACCTG_DOC__2</CMPNAME>
     <SCONAME>/IWBEP/CX_GATEWAY</SCONAME>
     <LANGU>E</LANGU>
     <DESCRIPT>Gateway Exception</DESCRIPT>
    </SEOSUBCOTX>
   </DESCRIPTIONS_SUB>
  </asx:values>
 </asx:abap>
</abapGit>
