﻿<?xml version="1.0" encoding="utf-8"?>
<abapGit version="v1.0.0" serializer="LCL_OBJECT_TABL" serializer_version="v1.0.0">
 <asx:abap xmlns:asx="http://www.sap.com/abapxml" version="1.0">
  <asx:values>
   <DD02V>
    <TABNAME>ZATS_D_AR_TRAVEL</TABNAME>
    <DDLANGUAGE>E</DDLANGUAGE>
    <TABCLASS>TRANSP</TABCLASS>
    <CLIDEP>X</CLIDEP>
    <LANGDEP>X</LANGDEP>
    <DDTEXT>Draft table for entity ZATS_RV_AROY_TRAVEL</DDTEXT>
    <CONTFLAG>A</CONTFLAG>
    <EXCLASS>4</EXCLASS>
   </DD02V>
   <DD09L>
    <TABNAME>ZATS_D_AR_TRAVEL</TABNAME>
    <AS4LOCAL>A</AS4LOCAL>
    <TABKAT>4</TABKAT>
    <TABART>APPL1</TABART>
    <BUFALLOW>N</BUFALLOW>
   </DD09L>
   <DD03P_TABLE>
    <DD03P>
     <FIELDNAME>MANDT</FIELDNAME>
     <KEYFLAG>X</KEYFLAG>
     <ROLLNAME>MANDT</ROLLNAME>
     <ADMINFIELD>0</ADMINFIELD>
     <NOTNULL>X</NOTNULL>
     <COMPTYPE>E</COMPTYPE>
    </DD03P>
    <DD03P>
     <FIELDNAME>TRAVELID</FIELDNAME>
     <KEYFLAG>X</KEYFLAG>
     <ROLLNAME>/DMO/TRAVEL_ID</ROLLNAME>
     <ADMINFIELD>0</ADMINFIELD>
     <NOTNULL>X</NOTNULL>
     <COMPTYPE>E</COMPTYPE>
    </DD03P>
    <DD03P>
     <FIELDNAME>AGENCYID</FIELDNAME>
     <ROLLNAME>/DMO/AGENCY_ID</ROLLNAME>
     <ADMINFIELD>0</ADMINFIELD>
     <COMPTYPE>E</COMPTYPE>
    </DD03P>
    <DD03P>
     <FIELDNAME>CUSTOMERID</FIELDNAME>
     <ROLLNAME>/DMO/CUSTOMER_ID</ROLLNAME>
     <ADMINFIELD>0</ADMINFIELD>
     <COMPTYPE>E</COMPTYPE>
    </DD03P>
    <DD03P>
     <FIELDNAME>BEGINDATE</FIELDNAME>
     <ROLLNAME>/DMO/BEGIN_DATE</ROLLNAME>
     <ADMINFIELD>0</ADMINFIELD>
     <SHLPORIGIN>T</SHLPORIGIN>
     <COMPTYPE>E</COMPTYPE>
    </DD03P>
    <DD03P>
     <FIELDNAME>ENDDATE</FIELDNAME>
     <ROLLNAME>/DMO/END_DATE</ROLLNAME>
     <ADMINFIELD>0</ADMINFIELD>
     <SHLPORIGIN>T</SHLPORIGIN>
     <COMPTYPE>E</COMPTYPE>
    </DD03P>
    <DD03P>
     <FIELDNAME>BOOKINGFEE</FIELDNAME>
     <ROLLNAME>/DMO/BOOKING_FEE</ROLLNAME>
     <ADMINFIELD>0</ADMINFIELD>
     <REFTABLE>ZATS_D_AR_TRAVEL</REFTABLE>
     <REFFIELD>CURRENCYCODE</REFFIELD>
     <COMPTYPE>E</COMPTYPE>
    </DD03P>
    <DD03P>
     <FIELDNAME>TOTALPRICE</FIELDNAME>
     <ROLLNAME>/DMO/TOTAL_PRICE</ROLLNAME>
     <ADMINFIELD>0</ADMINFIELD>
     <REFTABLE>ZATS_D_AR_TRAVEL</REFTABLE>
     <REFFIELD>CURRENCYCODE</REFFIELD>
     <COMPTYPE>E</COMPTYPE>
    </DD03P>
    <DD03P>
     <FIELDNAME>CURRENCYCODE</FIELDNAME>
     <ROLLNAME>/DMO/CURRENCY_CODE</ROLLNAME>
     <ADMINFIELD>0</ADMINFIELD>
     <COMPTYPE>E</COMPTYPE>
    </DD03P>
    <DD03P>
     <FIELDNAME>DESCRIPTION</FIELDNAME>
     <ROLLNAME>/DMO/DESCRIPTION</ROLLNAME>
     <ADMINFIELD>0</ADMINFIELD>
     <COMPTYPE>E</COMPTYPE>
    </DD03P>
    <DD03P>
     <FIELDNAME>OVERALLSTATUS</FIELDNAME>
     <ROLLNAME>/DMO/OVERALL_STATUS</ROLLNAME>
     <ADMINFIELD>0</ADMINFIELD>
     <VALEXI>X</VALEXI>
     <SHLPORIGIN>F</SHLPORIGIN>
     <COMPTYPE>E</COMPTYPE>
    </DD03P>
    <DD03P>
     <FIELDNAME>CREATEDBY</FIELDNAME>
     <ROLLNAME>ABP_CREATION_USER</ROLLNAME>
     <ADMINFIELD>0</ADMINFIELD>
     <COMPTYPE>E</COMPTYPE>
    </DD03P>
    <DD03P>
     <FIELDNAME>CREATEDAT</FIELDNAME>
     <ROLLNAME>ABP_CREATION_TSTMPL</ROLLNAME>
     <ADMINFIELD>0</ADMINFIELD>
     <COMPTYPE>E</COMPTYPE>
    </DD03P>
    <DD03P>
     <FIELDNAME>LASTCHANGEDBY</FIELDNAME>
     <ROLLNAME>ABP_LOCINST_LASTCHANGE_USER</ROLLNAME>
     <ADMINFIELD>0</ADMINFIELD>
     <COMPTYPE>E</COMPTYPE>
    </DD03P>
    <DD03P>
     <FIELDNAME>LASTCHANGEDAT</FIELDNAME>
     <ROLLNAME>ABP_LOCINST_LASTCHANGE_TSTMPL</ROLLNAME>
     <ADMINFIELD>0</ADMINFIELD>
     <COMPTYPE>E</COMPTYPE>
    </DD03P>
    <DD03P>
     <FIELDNAME>STATUSTEXT</FIELDNAME>
     <ADMINFIELD>0</ADMINFIELD>
     <INTTYPE>C</INTTYPE>
     <INTLEN>000018</INTLEN>
     <DATATYPE>CHAR</DATATYPE>
     <LENG>000009</LENG>
     <MASK>  CHAR</MASK>
    </DD03P>
    <DD03P>
     <FIELDNAME>CRITICALITY</FIELDNAME>
     <ADMINFIELD>0</ADMINFIELD>
     <INTTYPE>X</INTTYPE>
     <INTLEN>000001</INTLEN>
     <DATATYPE>INT1</DATATYPE>
     <LENG>000003</LENG>
     <MASK>  INT1</MASK>
    </DD03P>
    <DD03P>
     <FIELDNAME>.INCLUDE</FIELDNAME>
     <ADMINFIELD>0</ADMINFIELD>
     <PRECFIELD>SYCH_BDL_DRAFT_ADMIN_INC</PRECFIELD>
     <MASK>      S</MASK>
     <DDTEXT>Standard Include for Draft Administration (BDL Syntax Check)</DDTEXT>
     <COMPTYPE>S</COMPTYPE>
     <GROUPNAME>%ADMIN</GROUPNAME>
    </DD03P>
   </DD03P_TABLE>
   <TABL_EXTRAS>
    <TDDAT>
     <TABNAME>ZATS_D_AR_TRAVEL</TABNAME>
     <CCLASS>CUS_DEV_SUP_DA</CCLASS>
    </TDDAT>
   </TABL_EXTRAS>
  </asx:values>
 </asx:abap>
</abapGit>
